{
    "Loudness": {
        "Loudness": {
            "enabled": false,
            "min": 0.0,
            "max": 1.0
        }
    },
    "Pitch": {
        "Pitch": {
            "enabled": true,
            "min": 105.17157345544591,
            "max": 122.09340413593243
        }
    },
    "F3_Pitch": {
        "F3_Pitch": {
            "enabled": true,
            "min": 22.6023656978736,
            "max": 25.460967268522182
        }
    },
    "F2_Pitch": {
        "F2_Pitch": {
            "enabled": true,
            "min": 13.804503277635861,
            "max": 15.589632742479582
        }
    },
    "F1_Pitch": {
        "F1_Pitch": {
            "enabled": true,
            "min": 4.618743274190593,
            "max": 5.38284554722054
        }
    },
    "Size": {
        "Size": {
            "enabled": true,
            "min": -4.0,
            "max": 4.0
        }
    },
    "Weight": {
        "Weight": {
            "enabled": true,
            "min": 7.994382371660055e-08,
            "max": 1.3368616895808405e-07
        }
    }
}