{
    "Loudness": {
        "Loudness": {
            "enabled": false,
            "min": 0.0,
            "max": 1.0
        }
    },
    "Pitch": {
        "Pitch": {
            "enabled": true,
            "min": 121.91864020044247,
            "max": 127.23969444412015
        }
    },
    "F3_Pitch": {
        "F3_Pitch": {
            "enabled": true,
            "min": 22.330246392668066,
            "max": 23.03828017106384
        }
    },
    "F2_Pitch": {
        "F2_Pitch": {
            "enabled": true,
            "min": 13.5807678637514,
            "max": 14.019480426377626
        }
    },
    "F1_Pitch": {
        "F1_Pitch": {
            "enabled": true,
            "min": 4.596930172616888,
            "max": 4.7872710025945135
        }
    },
    "Size": {
        "Size": {
            "enabled": true,
            "min": -4.0,
            "max": 4.0
        }
    },
    "Weight": {
        "Weight": {
            "enabled": true,
            "min": 1.0648025094211849e-07,
            "max": 1.1290606761293867e-07
        }
    }
}