{
    "Loudness": {
        "Loudness": {
            "enabled": false,
            "min": 0.0,
            "max": 1.0
        }
    },
    "Pitch": {
        "Pitch": {
            "enabled": true,
            "min": 185.31156011508253,
            "max": 190.89019982746575
        }
    },
    "F3_Pitch": {
        "F3_Pitch": {
            "enabled": true,
            "min": 15.499986989619643,
            "max": 16.071878643647644
        }
    },
    "F2_Pitch": {
        "F2_Pitch": {
            "enabled": true,
            "min": 9.525858608840919,
            "max": 9.877227747854269
        }
    },
    "F1_Pitch": {
        "F1_Pitch": {
            "enabled": true,
            "min": 3.2339361684454198,
            "max": 3.367380921998284
        }
    },
    "Size": {
        "Size": {
            "enabled": true,
            "min": -4.0,
            "max": 4.0
        }
    },
    "Weight": {
        "Weight": {
            "enabled": true,
            "min": 9.9944107248865e-08,
            "max": 1.0555329910942937e-07
        }
    }
}